,Name,total_area
0,Accessory supraoptic group,105765.7
1,Agranular insular area,45992811.12
2,"Agranular insular area, dorsal part",12356208.6
3,"Agranular insular area, dorsal part, layer 1",816208.4
4,"Agranular insular area, dorsal part, layer 2/3",2606586.6
5,"Agranular insular area, dorsal part, layer 5",4386464.8
6,"Agranular insular area, dorsal part, layer 6a",4193348.7
7,"Agranular insular area, dorsal part, layer 6b",353600.03
8,"Agranular insular area, posterior part",26160347.52
9,"Agranular insular area, posterior part, layer 1",4653926.7
10,"Agranular insular area, posterior part, layer 2/3",8602996.17
11,"Agranular insular area, posterior part, layer 5",8030295.89
12,"Agranular insular area, posterior part, layer 6a",4706856.4
13,"Agranular insular area, posterior part, layer 6b",166272.4
14,"Agranular insular area, ventral part",7479130
15,"Agranular insular area, ventral part, layer 1",815800.7
16,"Agranular insular area, ventral part, layer 2/3",2503688.1
17,"Agranular insular area, ventral part, layer 5",2494336.2
18,"Agranular insular area, ventral part, layer 6a",1665304.7
19,Ammon's horn,171005553
20,Anterior amygdalar area,6355284.6
21,Anterior area,11529056.39
22,"Anterior area, layer 1",1907665.69
23,"Anterior area, layer 2/3",3327254.15
24,"Anterior area, layer 4",1210722.4
25,"Anterior area, layer 5",2831638.7
26,"Anterior area, layer 6a",1896863
27,"Anterior area, layer 6b",354912.6
28,Anterior cingulate area,50880883.4
29,"Anterior cingulate area, dorsal part",24570006.8
30,"Anterior cingulate area, dorsal part, layer 1",4629746.2
31,"Anterior cingulate area, dorsal part, layer 2/3",4312914.9
32,"Anterior cingulate area, dorsal part, layer 5",8845664.2
33,"Anterior cingulate area, dorsal part, layer 6a",6498774.8
34,"Anterior cingulate area, dorsal part, layer 6b",282905.1
35,"Anterior cingulate area, ventral part",26310880.4
36,"Anterior cingulate area, ventral part, 6a",4271163
37,"Anterior cingulate area, ventral part, 6b",785949.4
38,"Anterior cingulate area, ventral part, layer 1",4896540.3
39,"Anterior cingulate area, ventral part, layer 2/3",5349369.8
40,"Anterior cingulate area, ventral part, layer 5",11007892.2
41,Anterior group of the dorsal thalamus,27186419.1
42,Anterior hypothalamic nucleus,10262945.2
43,Anterior pretectal nucleus,18853255.5
44,Anterodorsal nucleus,2120908.5
45,Anterodorsal preoptic nucleus,938374.8
46,Anterolateral visual area,9571661
47,"Anterolateral visual area, layer 1",1474996.5
48,"Anterolateral visual area, layer 2/3",2562373.8
49,"Anterolateral visual area, layer 4",1359630.1
50,"Anterolateral visual area, layer 5",2504413.8
51,"Anterolateral visual area, layer 6a",1396377
52,"Anterolateral visual area, layer 6b",273870.2
53,Anteromedial nucleus,5352598.6
54,"Anteromedial nucleus, dorsal part",3308001.5
55,"Anteromedial nucleus, ventral part",2044596.7
56,Anteromedial visual area,7602593.71
57,"Anteromedial visual area, layer 1",1268560.4
58,"Anteromedial visual area, layer 2/3",1944119.8
59,"Anteromedial visual area, layer 4",571641.5
60,"Anteromedial visual area, layer 5",2190226.74
61,"Anteromedial visual area, layer 6a",1383986.06
62,"Anteromedial visual area, layer 6b",244058.78
63,Anteroventral nucleus of thalamus,5163296.2
64,Anteroventral periventricular nucleus,1773798.9
65,Anteroventral preoptic nucleus,1109495.5
66,Arcuate hypothalamic nucleus,4788826.8
67,Auditory areas,170329376.7
68,Basic cell groups and regions,2879409590.4
69,Basolateral amygdalar nucleus,19592934.1
70,"Basolateral amygdalar nucleus, anterior part",6710345.6
71,"Basolateral amygdalar nucleus, posterior part",8820810.8
72,"Basolateral amygdalar nucleus, ventral part",4061776.88
73,Basomedial amygdalar nucleus,16857576.5
74,"Basomedial amygdalar nucleus, anterior part",7602594.4
75,"Basomedial amygdalar nucleus, posterior part",9254981.4
76,Bed nuclei of the stria terminalis,17317395.7
77,Bed nucleus of the accessory olfactory tract,404595.7
78,Bed nucleus of the anterior commissure,169121.6
79,Brain stem,620504971.35
80,Caudoputamen,318409063
81,Central amygdalar nucleus,12203258.9
82,"Central amygdalar nucleus, capsular part",3028053.2
83,"Central amygdalar nucleus, lateral part",2246525.7
84,"Central amygdalar nucleus, medial part",6928689.59
85,Central lateral nucleus of the thalamus,3894893.8
86,Central medial nucleus of the thalamus,3065960.6
87,Cerebral cortex,1548193383.7
88,Cerebral nuclei,642191332.5
89,Cerebrum,2276768148.6
90,Claustrum,5332660.9
91,Cortical amygdalar area,35997078.1
92,"Cortical amygdalar area, anterior part",7991791.5
93,"Cortical amygdalar area, posterior part",28005286.9
94,"Cortical amygdalar area, posterior part, lateral zone",13795269.8
95,"Cortical amygdalar area, posterior part, medial zone",14210017.3
96,Cortical plate,1484023401.9
97,Cortical subplate,95186121.9
98,Dentate gyrus,51290430.97
99,"Dentate gyrus, granule cell layer",13074647.6
100,"Dentate gyrus, molecular layer",33980210.17
101,"Dentate gyrus, polymorph layer",4235572.89
102,Diagonal band nucleus,10728912.4
103,Dorsal auditory area,12572621.55
104,"Dorsal auditory area, layer 1",1912092.4
105,"Dorsal auditory area, layer 2/3",3266109.6
106,"Dorsal auditory area, layer 4",1329481.9
107,"Dorsal auditory area, layer 5",3655494.2
108,"Dorsal auditory area, layer 6a",2032877.4
109,"Dorsal auditory area, layer 6b",376565.95
110,Dorsal part of the lateral geniculate complex,8873590.59
111,"Dorsal part of the lateral geniculate complex, core",4660836.27
112,"Dorsal part of the lateral geniculate complex, ipsilateral zone",1114760.27
113,"Dorsal part of the lateral geniculate complex, shell",3095524.59
114,Dorsal premammillary nucleus,2875410.8
115,Dorsal terminal nucleus of the accessory optic tract,70842.53
116,Dorsomedial nucleus of the hypothalamus,4646999.2
117,Ectorhinal area,14791951.7
118,Ectorhinal area/Layer 1,2002454.9
119,Ectorhinal area/Layer 2/3,3889951.5
120,Ectorhinal area/Layer 5,4623632.3
121,Ectorhinal area/Layer 6a,3754176.8
122,Ectorhinal area/Layer 6b,521735.97
123,Edinger-Westphal nucleus,146852.6
124,Endopiriform nucleus,29549454.7
125,"Endopiriform nucleus, dorsal part",18424020.55
126,"Endopiriform nucleus, ventral part",11125447.8
127,Entorhinal area,21197089.9
128,"Entorhinal area, lateral part",21197089.9
129,"Entorhinal area, lateral part, layer 1",3267665.5
130,"Entorhinal area, lateral part, layer 2",4872305.4
131,"Entorhinal area, lateral part, layer 3",4958745.19
132,"Entorhinal area, lateral part, layer 5",5576615
133,"Entorhinal area, lateral part, layer 6a",2521759.2
134,Epithalamus,8538617.4
135,Ethmoid nucleus of the thalamus,3331291.39
136,Fasciola cinerea,579099.7
137,Field CA1,91544873.4
138,Field CA2,5833195.8
139,Field CA3,73627499.2
140,Fields of Forel,3843062.4
141,Fundus of striatum,5638903
142,"Geniculate group, dorsal thalamus",16654795.2
143,"Geniculate group, ventral thalamus",7378000
144,"Globus pallidus, external segment",16882695.7
145,"Globus pallidus, internal segment",3779380.5
146,Gustatory areas,20688050.3
147,"Gustatory areas, layer 1",1943851.63
148,"Gustatory areas, layer 2/3",3899699.01
149,"Gustatory areas, layer 4",1781224.6
150,"Gustatory areas, layer 5",6419088.7
151,"Gustatory areas, layer 6a",6104554.4
152,"Gustatory areas, layer 6b",539632.1
153,Hippocampal formation,262447049.4
154,Hippocampal region,224563400.4
155,Hippocampo-amygdalar transition area,1055722.6
156,Hypothalamic lateral zone,60392025.3
157,Hypothalamic medial zone,55714076.85
158,Hypothalamus,195061884.55
159,Induseum griseum,1688299.9
160,Interanterodorsal nucleus of the thalamus,1503567.7
161,Interanteromedial nucleus of the thalamus,657178.6
162,Interbrain,430848519.15
163,Intercalated amygdalar nucleus,1661421.4
164,Interfascicular nucleus raphe,409507.92
165,Intergeniculate leaflet of the lateral geniculate complex,1005693.252
166,Intermediate geniculate nucleus,436008.9
167,Intermediodorsal nucleus of the thalamus,2353389
168,Interpeduncular nucleus,1227832.5
169,"Interpeduncular nucleus, caudal",47514.14
170,"Interpeduncular nucleus, dorsolateral",85274.1
171,"Interpeduncular nucleus, dorsomedial",1324.59
172,"Interpeduncular nucleus, intermediate",64808.8
173,"Interpeduncular nucleus, lateral",114869.36
174,"Interpeduncular nucleus, rostral",713748.2
175,"Interpeduncular nucleus, rostrolateral",200260.4
176,Interstitial nucleus of Cajal,891570.5
177,Intralaminar nuclei of the dorsal thalamus,17467250.4
178,Isocortex,951942833.3
179,Lateral amygdalar nucleus,7668403.4
180,Lateral dorsal nucleus of thalamus,12388871.2
181,Lateral group of the dorsal thalamus,142685578.5
182,Lateral habenula,4195180.4
183,Lateral hypothalamic area,19737497.7
184,Lateral mammillary nucleus,1347919.9
185,Lateral posterior nucleus of the thalamus,13563936.4
186,Lateral preoptic area,6571181.3
187,Lateral septal complex,53562781.9
188,Lateral septal nucleus,45832378.7
189,"Lateral septal nucleus, caudal (caudodorsal) part",7124185.4
190,"Lateral septal nucleus, rostral (rostroventral) part",30588886
191,"Lateral septal nucleus, ventral part",8119269.5
192,Lateral terminal nucleus of the accessory optic tract,161503.7
193,Lateral visual area,3493222.3
194,"Lateral visual area, layer 1",451945.4
195,"Lateral visual area, layer 2/3",798156.3
196,"Lateral visual area, layer 4",514107.9
197,"Lateral visual area, layer 5",974284.6
198,"Lateral visual area, layer 6a",620728
199,"Lateral visual area, layer 6b",134000.3
200,Laterointermediate area,1067489.1
201,"Laterointermediate area, layer 1",111794
202,"Laterointermediate area, layer 2/3",205119.4
203,"Laterointermediate area, layer 4",110642.56
204,"Laterointermediate area, layer 5",366722.9
205,"Laterointermediate area, layer 6a",223317.4
206,"Laterointermediate area, layer 6b",49892.9
207,Magnocellular nucleus,4943201.3
208,Mammillary body,16176544.7
209,Medial accesory oculomotor nucleus,201617.9
210,Medial amygdalar nucleus,17693328.9
211,Medial geniculate complex,7781204.3
212,"Medial geniculate complex, dorsal part",1553439.1
213,"Medial geniculate complex, medial part",3399498.5
214,"Medial geniculate complex, ventral part",2828266.8
215,Medial group of the dorsal thalamus,25219866.3
216,Medial habenula,4343436.8
217,Medial mammillary nucleus,8057325.6
218,"Medial mammillary nucleus, dorsal part",922069.19
219,"Medial mammillary nucleus, lateral part",3253880
220,"Medial mammillary nucleus, medial part",2044861.6
221,"Medial mammillary nucleus, median part",1398523.2
222,"Medial mammillary nucleus, posterior part",438009
223,Medial preoptic area,6737914.3
224,Medial preoptic nucleus,5440870.75
225,Medial pretectal area,831239.3
226,Medial septal complex,15545359.3
227,Medial septal nucleus,4816450.6
228,Medial terminal nucleus of the accessory optic tract,510678.4
229,Median eminence,1654876.2
230,Median preoptic nucleus,443589.4
231,Mediodorsal nucleus of thalamus,17130215.8
232,Midbrain,164442889.8
233,Midbrain raphe nuclei,1956950.42
234,Midbrain reticular nucleus,21353908.2
235,"Midbrain, behavioral state related",3569969.1
236,"Midbrain, motor related",110640412.5
237,"Midbrain, sensory related",7104631.5
238,Midline group of the dorsal thalamus,17089231.8
239,Nucleus accumbens,46927540.8
240,Nucleus of Darkschewitsch,1031462.7
241,Nucleus of reuniens,6354880.8
242,Nucleus of the lateral olfactory tract,2871529.7
243,"Nucleus of the lateral olfactory tract, layer 3",542446.1
244,"Nucleus of the lateral olfactory tract, molecular layer",979245.9
245,"Nucleus of the lateral olfactory tract, pyramidal layer",1349837.4
246,Nucleus of the optic tract,3755100.7
247,Nucleus of the posterior commissure,6621008.2
248,Olfactory areas,183731260.7
249,Olfactory tubercle,38993673.2
250,Olivary pretectal nucleus,972478.7
251,Pallidum,111142938.6
252,"Pallidum, caudal region",17486517.5
253,"Pallidum, dorsal region",20662076.3
254,"Pallidum, medial region",20869301.9
255,"Pallidum, ventral region",39749755.22
256,Paracentral nucleus,2608481.4
257,Parafascicular nucleus,5188086.8
258,Paranigral nucleus,107566.3
259,Parastrial nucleus,1165070.3
260,Parasubthalamic nucleus,1833991.9
261,Parataenial nucleus,3115012.2
262,Paraventricular hypothalamic nucleus,3323954.3
263,"Paraventricular hypothalamic nucleus, descending division",2180376.1
264,Paraventricular nucleus of the thalamus,6319820.9
265,PathAnnotationObject,5056308847.7
266,Periaqueductal gray,14450892.7
267,Perifornical nucleus,2060994
268,Peripeduncular nucleus,556567.8
269,Perireunensis nucleus,1958984.4
270,Perirhinal area,5687917.7
271,"Perirhinal area, layer 1",1699249.8
272,"Perirhinal area, layer 2/3",2582255.1
273,"Perirhinal area, layer 5",1140777.8
274,"Perirhinal area, layer 6a",222213.25
275,"Perirhinal area, layer 6b",43499.94
276,"Periventricular hypothalamic nucleus, anterior part",1586667.2
277,"Periventricular hypothalamic nucleus, intermediate part",3831986.8
278,"Periventricular hypothalamic nucleus, posterior part",4658914.2
279,"Periventricular hypothalamic nucleus, preoptic part",2213439.3
280,Periventricular region,29600164.7
281,Periventricular zone,14055997.5
282,Piriform area,113945612.4
283,Piriform-amygdalar area,13934108.6
284,Posterior amygdalar nucleus,11371346.51
285,Posterior auditory area,6059859.9
286,"Posterior auditory area, layer 1",1090650.4
287,"Posterior auditory area, layer 2/3",1471523.2
288,"Posterior auditory area, layer 4",736739.8
289,"Posterior auditory area, layer 5",1814832.391
290,"Posterior auditory area, layer 6a",775311.9
291,"Posterior auditory area, layer 6b",170802.6
292,Posterior complex of the thalamus,11724418.1
293,Posterior hypothalamic nucleus,8483849.7
294,Posterior intralaminar thalamic nucleus,1496733.2
295,Posterior limiting nucleus of the thalamus,2487151.6
296,Posterior parietal association areas,23571503.99
297,Posterior pretectal nucleus,3028715.8
298,Posterior triangular thalamic nucleus,4613483.88
299,Posterodorsal preoptic nucleus,74610.54
300,Postpiriform transition area,8522241.7
301,Postsubiculum,1502338.3
302,Precommissural nucleus,1903696.2
303,Preparasubthalamic nucleus,32988.6
304,Pretectal region,36049997.3
305,Primary auditory area,26248101
306,"Primary auditory area, layer 1",4475985
307,"Primary auditory area, layer 2/3",5653568.3
308,"Primary auditory area, layer 4",2826546.4
309,"Primary auditory area, layer 5",8855341.5
310,"Primary auditory area, layer 6a",3728841.78
311,"Primary auditory area, layer 6b",707817.6
312,Primary motor area,82835548.8
313,"Primary motor area, Layer 1",8022631.9
314,"Primary motor area, Layer 2/3",23918709.07
315,"Primary motor area, Layer 5",22279451.8
316,"Primary motor area, Layer 6a",26474943.3
317,"Primary motor area, Layer 6b",2139811.5
318,Primary somatosensory area,287739666.6
319,"Primary somatosensory area, barrel field",61431354
320,"Primary somatosensory area, barrel field, layer 1",8277259.3
321,"Primary somatosensory area, barrel field, layer 2/3",15318858.4
322,"Primary somatosensory area, barrel field, layer 4",12567789.13
323,"Primary somatosensory area, barrel field, layer 5",11557225
324,"Primary somatosensory area, barrel field, layer 6a",12210422.4
325,"Primary somatosensory area, barrel field, layer 6b",1190842.2
326,"Primary somatosensory area, lower limb",31728133.58
327,"Primary somatosensory area, lower limb, layer 1",3913711.46
328,"Primary somatosensory area, lower limb, layer 2/3",8548902.15
329,"Primary somatosensory area, lower limb, layer 4",3708046.7
330,"Primary somatosensory area, lower limb, layer 5",7686788.35
331,"Primary somatosensory area, lower limb, layer 6a",7193445.8
332,"Primary somatosensory area, lower limb, layer 6b",677238.51
333,"Primary somatosensory area, mouth",74400473.92
334,"Primary somatosensory area, mouth, layer 1",7747815.3
335,"Primary somatosensory area, mouth, layer 2/3",15382438.21
336,"Primary somatosensory area, mouth, layer 4",11328863.23
337,"Primary somatosensory area, mouth, layer 5",15203340.1
338,"Primary somatosensory area, mouth, layer 6a",23142778.4
339,"Primary somatosensory area, mouth, layer 6b",1595239.22
340,"Primary somatosensory area, nose",37150887.9
341,"Primary somatosensory area, nose, layer 1",4960224.8
342,"Primary somatosensory area, nose, layer 2/3",8078863.3
343,"Primary somatosensory area, nose, layer 4",6866755.4
344,"Primary somatosensory area, nose, layer 5",7018028.4
345,"Primary somatosensory area, nose, layer 6a",9606919.6
346,"Primary somatosensory area, nose, layer 6b",620096.3
347,"Primary somatosensory area, trunk",17702065.29
348,"Primary somatosensory area, trunk, layer 1",2857554.19
349,"Primary somatosensory area, trunk, layer 2/3",5906335
350,"Primary somatosensory area, trunk, layer 4",1964809.42
351,"Primary somatosensory area, trunk, layer 5",4321582.99
352,"Primary somatosensory area, trunk, layer 6a",2381833.1
353,"Primary somatosensory area, trunk, layer 6b",269950.15
354,"Primary somatosensory area, unassigned",16197072.5
355,"Primary somatosensory area, unassigned, layer 1",2072767.5
356,"Primary somatosensory area, unassigned, layer 2/3",4165227.6
357,"Primary somatosensory area, unassigned, layer 4",2361266.3
358,"Primary somatosensory area, unassigned, layer 5",3470275
359,"Primary somatosensory area, unassigned, layer 6a",3825042
360,"Primary somatosensory area, unassigned, layer 6b",302494.67
361,"Primary somatosensory area, upper limb",49129492.5
362,"Primary somatosensory area, upper limb, layer 1",6373025.8
363,"Primary somatosensory area, upper limb, layer 2/3",13178707.9
364,"Primary somatosensory area, upper limb, layer 4",6811456.69
365,"Primary somatosensory area, upper limb, layer 5",10060964.6
366,"Primary somatosensory area, upper limb, layer 6a",11771059.37
367,"Primary somatosensory area, upper limb, layer 6b",934278.9
368,Primary visual area,31627426.9
369,"Primary visual area, layer 1",4883466.7
370,"Primary visual area, layer 2/3",8247177.6
371,"Primary visual area, layer 4",4635774.4
372,"Primary visual area, layer 5",8552344.5
373,"Primary visual area, layer 6a",5325422.6
374,"Primary visual area, layer 6b",1088694.6
375,Prosubiculum,3471261.7
376,Red nucleus,3672655.1
377,Reticular nucleus of the thalamus,15200738.5
378,Retrochiasmatic area,1403089.8
379,Retrohippocampal region,35652255.1
380,Retroparafascicular nucleus,1156778.8
381,Retrosplenial area,99112954.2
382,"Retrosplenial area, dorsal part",31460015.7
383,"Retrosplenial area, dorsal part, layer 1",6103534.9
384,"Retrosplenial area, dorsal part, layer 2/3",8277680.6
385,"Retrosplenial area, dorsal part, layer 5",10238241.3
386,"Retrosplenial area, dorsal part, layer 6a",6524663.4
387,"Retrosplenial area, dorsal part, layer 6b",315897
388,"Retrosplenial area, lateral agranular part",18419341.7
389,"Retrosplenial area, lateral agranular part, layer 1",3262456.5
390,"Retrosplenial area, lateral agranular part, layer 2/3",5087395.1
391,"Retrosplenial area, lateral agranular part, layer 5",6126948.4
392,"Retrosplenial area, lateral agranular part, layer 6a",3499030.2
393,"Retrosplenial area, lateral agranular part, layer 6b",352489.4
394,"Retrosplenial area, ventral part",49233597.6
395,"Retrosplenial area, ventral part, layer 1",10541319.4
396,"Retrosplenial area, ventral part, layer 2/3",11351617.5
397,"Retrosplenial area, ventral part, layer 5",19290713.4
398,"Retrosplenial area, ventral part, layer 6a",7654455.8
399,"Retrosplenial area, ventral part, layer 6b",570282.6
400,Rhomboid nucleus,1213093.5
401,Root,3246165789
402,Rostral linear nucleus raphe,319672.6
403,"Rostrolateral area, layer 1",1887165.4
404,"Rostrolateral area, layer 2/3",3101461.6
405,"Rostrolateral area, layer 4",1693013.7
406,"Rostrolateral area, layer 5",3041492.4
407,"Rostrolateral area, layer 6a",1948538.39
408,"Rostrolateral area, layer 6b",370776.4
409,Rostrolateral visual area,12042447.7
410,Secondary motor area,47920538.8
411,"Secondary motor area, layer 1",7176777.7
412,"Secondary motor area, layer 2/3",12510132.9
413,"Secondary motor area, layer 5",15797939.9
414,"Secondary motor area, layer 6a",11970633.1
415,"Secondary motor area, layer 6b",465056.3
416,Septofimbrial nucleus,6990512.9
417,Septohippocampal nucleus,740903.1
418,Somatomotor areas,130756087.5
419,Somatosensory areas,379476949.8
420,Striatum,531049523.2
421,Striatum dorsal region,318409063
422,Striatum ventral region,91560116.6
423,Striatum-like amygdalar nuclei,38317913.4
424,Subcommissural organ,207592.89
425,Subfornical organ,274298.8
426,Subgeniculate nucleus,374212.5
427,Subiculum,8425842.3
428,Submedial nucleus of the thalamus,3777274.6
429,Subparafascicular area,1619319.2
430,Subparafascicular nucleus,3204677.2
431,"Subparafascicular nucleus, magnocellular part",820832.3
432,"Subparafascicular nucleus, parvicellular part",2383844.9
433,Subparaventricular zone,2643428.5
434,Substantia innominata,34806517.52
435,"Substantia nigra, compact part",1613018.8
436,"Substantia nigra, reticular part",11979532.1
437,Subthalamic nucleus,1796529.6
438,"Superior colliculus, motor related",17332516
439,"Superior colliculus, motor related, deep gray layer",1279108.3
440,"Superior colliculus, motor related, deep white layer",547764.1
441,"Superior colliculus, motor related, intermediate gray layer",9549896
442,"Superior colliculus, motor related, intermediate white layer",5955743
443,"Superior colliculus, optic layer",2604651
444,"Superior colliculus, sensory related",6897040.8
445,"Superior colliculus, superficial gray layer",3039669.86
446,"Superior colliculus, zonal layer",1252718.2
447,Supplemental somatosensory area,91737174.6
448,"Supplemental somatosensory area, layer 1",13313173.1
449,"Supplemental somatosensory area, layer 2/3",22265279.29
450,"Supplemental somatosensory area, layer 4",12098005.7
451,"Supplemental somatosensory area, layer 5",21677955.7
452,"Supplemental somatosensory area, layer 6a",128919985.37
453,"Supplemental somatosensory area, layer 6b",1950291.35
454,Suprachiasmatic nucleus,1260663.3
455,Suprageniculate nucleus,2145830.2
456,Supramammillary nucleus,3991060.4
457,Supraoptic nucleus,419287.7
458,Temporal association areas,17862162.6
459,"Temporal association areas, layer 1",2815421.5
460,"Temporal association areas, layer 2/3",3956538.9
461,"Temporal association areas, layer 4",1559647.2
462,"Temporal association areas, layer 5",5639573.6
463,"Temporal association areas, layer 6a",3353452.1
464,"Temporal association areas, layer 6b",537532.4
465,Thalamus,235788421.9
466,"Thalamus, polymodal association cortex related",255743697.9
467,"Thalamus, sensory-motor cortex related",72871218.1
468,Triangular nucleus of septum,5323936.8
469,Tuberal nucleus,3776870.8
470,Tuberomammillary nucleus,2780639.7
471,"Tuberomammillary nucleus, dorsal part",1137189.3
472,"Tuberomammillary nucleus, ventral part",1643450.97
473,Vascular organ of the lamina terminalis,104096
474,Ventral anterior-lateral complex of the thalamus,9768578.5
475,Ventral auditory area,17897003.1
476,"Ventral auditory area, layer 1",2808496.5
477,"Ventral auditory area, layer 2/3",3750991.1
478,"Ventral auditory area, layer 4",2046223.4
479,"Ventral auditory area, layer 5",6034515.4
480,"Ventral auditory area, layer 6a",2771829.1
481,"Ventral auditory area, layer 6b",484996.1
482,Ventral group of the dorsal thalamus,50835884.6
483,Ventral medial nucleus of the thalamus,9203697.1
484,Ventral part of the lateral geniculate complex,5485742.2
485,Ventral posterior complex of the thalamus,27250124.7
486,Ventral posterolateral nucleus of the thalamus,118290689
487,"Ventral posterolateral nucleus of the thalamus, parvicellular part",1079225.3
488,Ventral posteromedial nucleus of the thalamus,14813789.3
489,"Ventral posteromedial nucleus of the thalamus, parvicellular part",2577118.85
490,Ventral premammillary nucleus,4150724.1
491,Ventral tegmental area,4601954
492,Ventrolateral preoptic nucleus,892040.5
493,Ventromedial hypothalamic nucleus,6143997.8
494,Ventromedial preoptic nucleus,662354
495,Visceral area,22129652.67
496,"Visceral area, layer 1",3278440.52
497,"Visceral area, layer 2/3",5167847.5
498,"Visceral area, layer 4",1755558.9
499,"Visceral area, layer 5",6608890.8
500,"Visceral area, layer 6a",4863004.25
501,"Visceral area, layer 6b",455910.05
502,Visual areas,65600986.3
503,Xiphoid thalamic nucleus,1298889.9
504,Zona incerta,23178949.4
505,alveus,15530427
506,amygdalar capsule,1737816.3
507,"anterior commissure, olfactory limb",4176239.6
508,"anterior commissure, temporal limb",3076219.2
509,auditory radiation,3753750.5
510,brachium of the superior colliculus,2693834.3
511,cerebal peduncle,9270470.8
512,cerebral aqueduct,56395.77
513,cerebral nuclei related,1022334.3
514,cerebrum related,130312275.5
515,cervicothalamic tract,3256868.6
516,choroid plexus,10413389.4
517,cingulum bundle,15187469.8
518,columns of the fornix,3359279.8
519,commissural branch of stria terminalis,409880.9
520,corpus callosum,84973432.1
521,"corpus callosum, anterior forceps",225366786.2
522,"corpus callosum, body",38352523.1
523,"corpus callosum, extreme capsule",960341.075
524,"corpus callosum, posterior forceps",16507685.2
525,"corpus callosum, splenium",7065092.1
526,corticospinal tract,140345051.7
527,cranial nerves,26287126.6
528,doral tegmental decussation,6581.59
529,dorsal fornix,521277.58
530,dorsal hippocampal commissure,7856347.8
531,dorsal roots,3256868.6
532,epithalamus related,6471166.6
533,external capsule,7546554.9
534,external medullary lamina of the thalamus,1083120.3
535,extrapyramidal fiber systems,1438217.3
536,fasciculus retroflexus,2019131.47
537,fiber tracts,378612546.2
538,fimbria,18055919.7
539,fornix system,46199671.4
540,genu of corpus callosum,13874653.5
541,habenular commissure,377618.1
542,hippocampal commissures,8709100
543,hypothalamus related,9854971.03
544,internal capsule,21595465
545,lateral forebrain bundle system,248358867.1
546,"lateral olfactory tract, body",3677290.6
547,"lateral olfactory tract, general",3677290.6
548,lateral ventricle,41403054.87
549,mammillary peduncle,292237.39
550,mammillary related,2352555.3
551,mammillotegmental tract,326528.2
552,mammillothalamic tract,1189955
553,medial corticohypothalamic tract,23688
554,medial forebrain bundle,906860.7
555,medial forebrain bundle system,81027523.7
556,medial lemniscus,3256868.6
557,medial longitudinal fascicle,27977.1
558,nigrostriatal tract,1022334.3
559,oculomotor nerve,1343217.8
560,olfactory nerve,7853532.9
561,optic chiasm,4228836.5
562,optic nerve,13534640.7
563,optic radiation,16468377.64
564,optic tract,5537135.19
565,postcommissural fornix,3382967.8
566,posterior commissure,1315240.7
567,posteromedial visual area,12238594.4
568,"posteromedial visual area, layer 1",2077653.5
569,"posteromedial visual area, layer 2/3",3193115.9
570,"posteromedial visual area, layer 4",1173701.5
571,"posteromedial visual area, layer 5",3423335.9
572,"posteromedial visual area, layer 6a",1992210.9
573,"posteromedial visual area, layer 6b",378576.9
574,principal mammillary tract,543834.9
575,root,3246168633.4
576,rubrospinal tract,409301.5
577,stria medullaris,4074416.7
578,stria terminalis,3987994.3
579,subependymal zone,1849539.56
580,superior colliculus commissure,336163
581,supra-callosal cerebral white matter,120605106.2
582,supraoptic commissures,124388.4
583,tectospinal pathway,6581.59
584,thalamus related,21305175
585,third ventricle,14214812.6
586,ventral hippocampal commissure,852752.2
587,ventral tegmental decussation,207181.7
588,ventricular systems,55675197.9
